{
  "original_suction_pts": [
    [[[473.6575012207031, 173.0318603515625, 2295.0], [-0.27852287161857975, 0.4010240150580154, 0.0]]],
    [[[202.14317321777344, 13.567426681518555, 2292.0], [-0.9187070632777411, -0.09605664594919316, 54.63749720887004]]],
    [[[-606.0663452148438, -347.1866760253906, 2296.0], [1.073499917828247, 0.151231002791593, 89.47434431576481]]],
    [[[15.389301300048828, -343.753173828125, 2294.0], [-1.6255377409496807, 0.8490992524278925, 271.2319928670629]]],
    [[[455.5386047363281, -78.4906005859375, 2294.0], [-0.11368382406701419, -0.6422942782297836, 294.55045676897237]]],
    [[[-198.9820556640625, -345.47943115234375, 2337.0], [2.2148442481646398, -0.9144836968183364, 90.00000250447816]]]
  ],
  "box_zs": [146.99992179870605, 149.99994277954102, 145.9999942779541, 148.0000877380371, 148.0000877380371, 105.0001049041748]
}
