{
  "picks": {
    "0": {
      "tcp_pose": {
        "position_mm": [
          -610.1428312418439,
          1522.1673700068156,
          123.93009238572813
        ],
        "rotation_3x3": [
          [
            -0.9978545116774414,
            0.06544482179430261,
            -0.001829979586499913
          ],
          [
            0.0654002558800264,
            0.997689475202406,
            0.0183988478219451
          ],
          [
            0.0030298606902139035,
            0.018239692175582266,
            -0.9998290521751897
          ]
        ],
        "matrix_4x4": [
          [
            -0.9978545116774414,
            0.06544482179430261,
            -0.001829979586499913,
            -610.1428312418439
          ],
          [
            0.0654002558800264,
            0.997689475202406,
            0.0183988478219451,
            1522.1673700068156
          ],
          [
            0.0030298606902139035,
            0.018239692175582266,
            -0.9998290521751897,
            123.93009238572813
          ],
          [
            0.0,
            0.0,
            0.0,
            1.0
          ]
        ]
      },
      "robot_command": {
        "X": -609.9598332831939,
        "Y": 1520.3274852246211,
        "Z": 223.9129976032471,
        "W": 176.25014774747984,
        "P": -0.1735984956698474,
        "R": 178.954879866313
      }
    },
    "1": {
      "tcp_pose": {
        "position_mm": [
          -160.06858160242626,
          1220.3282127226234,
          66.71910588680794
        ],
        "rotation_3x3": [
          [
            0.04013419302932183,
            0.9991427050688204,
            -0.010153888794223565
          ],
          [
            0.9991941077558951,
            -0.040125830660563806,
            0.0010260310426957865
          ],
          [
            0.0006177182091804393,
            -0.010186884781918426,
            -0.9999479215452443
          ]
        ],
        "matrix_4x4": [
          [
            0.04013419302932183,
            0.9991427050688204,
            -0.010153888794223565,
            -160.06858160242626
          ],
          [
            0.9991941077558951,
            -0.040125830660563806,
            0.0010260310426957865,
            1220.3282127226234
          ],
          [
            0.0006177182091804393,
            -0.010186884781918426,
            -0.9999479215452443,
            66.71910588680794
          ],
          [
            0.0,
            0.0,
            0.0,
            1.0
          ]
        ]
      },
      "robot_command": {
        "X": -159.05319272300392,
        "Y": 1220.225609618354,
        "Z": 166.71389804133236,
        "W": -92.30013808830518,
        "P": 0.03539264856524622,
        "R": 179.41632428902653
      }
    },
    "2": {
      "tcp_pose": {
        "position_mm": [
          133.01863613325327,
          1623.7797511461251,
          149.95794123053383
        ],
        "rotation_3x3": [
          [
            -0.9999224047102279,
            0.003276521419525971,
            0.012018692354106342
          ],
          [
            0.002961486845488823,
            0.9996539876988785,
            -0.02613684130484533
          ],
          [
            -0.012100171659082502,
            -0.02609922000976389,
            -0.999586122633114
          ]
        ],
        "matrix_4x4": [
          [
            -0.9999224047102279,
            0.003276521419525971,
            0.012018692354106342,
            133.01863613325327
          ],
          [
            0.002961486845488823,
            0.9996539876988785,
            -0.02613684130484533,
            1623.7797511461251
          ],
          [
            -0.012100171659082502,
            -0.02609922000976389,
            -0.999586122633114,
            149.95794123053383
          ],
          [
            0.0,
            0.0,
            0.0,
            1.0
          ]
        ]
      },
      "robot_command": {
        "X": 131.81676689784263,
        "Y": 1626.3934352766096,
        "Z": 249.91655349384524,
        "W": 179.83030663139434,
        "P": 0.6933056864454126,
        "R": -178.5043455041497
      }
    }
  }
}