{
  "supported": true,
  "available": true,
  "sensores": {
    "image": {
      "sensor_name": "image",
      "intrinsic_matrix": [
        3372.793238533424,
        0.0,
        1922.0804347326814,
        0.0,
        3373.1146992782506,
        1476.1126206429492,
        0.0,
        0.0,
        1.0
      ],
      "distortion_coefficients": [
        0.0,
        0.0,
        0.0,
        0.0,
        0.0
      ],
      "resolution": {
        "width": 4000,
        "height": 3000
      },
      "focus_length": null,
      "pixel_size": {
        "width": null,
        "height": null
      }
    },
    "scanner": {
      "sensor_name": "scanner",
      "intrinsic_matrix": [
        1556.942547862402,
        0.0,
        863.4435934651465,
        0.0,
        1556.942547862402,
        748.5275564136991,
        0.0,
        0.0,
        1.0
      ],
      "distortion_coefficients": [
        0.0,
        0.0,
        0.0,
        0.0,
        0.0
      ],
      "resolution": {
        "width": 2048,
        "height": 1536
      },
      "focus_length": null,
      "pixel_size": {
        "width": null,
        "height": null
      },
      "translation": [
        -36.67467077816653,
        -0.06608611855642373,
        -7.439364639244517
      ],
      "rotation": [
        0.996770034770264,
        -0.0005995470844681172,
        -0.08030652730245515,
        0.0006105526320427184,
        0.9999998072858378,
        0.0001124889799974871,
        0.08030644438381003,
        -0.00016115700611809118,
        0.9967702087336124
      ]
    }
  }
}