{
  "supported": true,
  "available": true,
  "sensores": {
      "image": {
          "sensor_name": "image",
          "intrinsic_matrix": [
              1124.6329345703125,
              0.0,
              943.245361328125,
              0.0,
              1124.5704345703125,
              514.3695068359375,
              0.0,
              0.0,
              1.0
          ],
          "distortion_coefficients": [
              0.083880215883255,
              -0.10923808813095093,
              0.00025722492136992514,
              -0.0001629866164876148,
              0.04476732760667801,
              0.0,
              0.0,
              0.0,
              0.0,
              0.0,
              0.0,
              0.0,
              0.0,
              0.0
          ],
          "resolution": {
              "width": 1920,
              "height": 1080
          },
          "focus_length": 1124.6329345703125,
          "pixel_size": {
              "width": -1.0,
              "height": -1.0
          }
      },
      "scanner": {
          "sensor_name": "scanner",
          "intrinsic_matrix": [
              504.6569519042969,
              0.0,
              328.47161865234375,
              0.0,
              504.68890380859375,
              349.3956298828125,
              0.0,
              0.0,
              1.0
          ],
          "distortion_coefficients": [
              24.900060653686523,
              11.637154579162598,
              8.440310193691403e-05,
              -5.004701506550191e-06,
              0.3708508014678955,
              25.190837860107422,
              20.051475524902344,
              2.5315561294555664,
              0.0,
              0.0,
              0.0,
              0.0,
              0.0,
              0.0
          ],
          "resolution": {
              "width": 640,
              "height": 576
          },
          "focus_length": 504.6569519042969,
          "pixel_size": {
              "width": -1.0,
              "height": -1.0
          },
          "translation": [
              -32.408287048339844,
              -1.359117865562439,
              2.506232500076294
          ],
          "rotation": [
              0.9938070178031921,
              -0.0012648387346416712,
              0.004376407712697983,
              0.0007710710051469505,
              0.9938156604766846,
              0.11103939265012741,
              -0.004489789716899395,
              -0.11103486269712448,
              0.9938063621520996
          ]
      }
  }
}